Date,Price,Open,High,Low
2021-06-25,2543.07,2540.8,2543.67,2531.31
2021-06-24,2539.96,2546.25,2546.25,2535.6
2021-06-23,2534.02,2538.95,2541.29,2532.01
2021-06-22,2538.78,2535.97,2545.23,2529.01
2021-06-21,2533.98,2522.03,2543.8,2517.64
2021-06-18,2515.21,2517.23,2531.9,2513.18
2021-06-17,2533.98,2541.94,2546.55,2526.25
2021-06-16,2541.92,2540.49,2550.09,2536.16
2021-06-15,2540.87,2530.64,2545.36,2530.64
2021-06-14,2530.41,2521.08,2531.68,2520.28
2021-06-11,2524.91,2521.47,2526.96,2517.18
2021-06-10,2513.59,2518.38,2519.27,2504.61
2021-06-09,2508.99,2515.1,2515.1,2503.88
2021-06-08,2518.74,2518.08,2524.47,2511.74
2021-06-07,2515.79,2521.56,2521.56,2510.57
2021-06-04,2516.12,2516.64,2519.68,2509.64
2021-06-03,2505.22,2501.72,2514.51,2500.37
2021-06-02,2508.0,2516.2,2516.98,2504.38
2021-06-01,2509.21,2505.1,2515.33,2501.43
2021-05-31,2476.97,2502.64,2502.64,2473.52
2021-05-28,2495.51,2502.31,2502.67,2493.92
2021-05-27,2485.67,2484.02,2493.87,2484.02
2021-05-26,2482.11,2472.03,2485.07,2468.05
2021-05-25,2459.32,2471.21,2474.55,2457.94
2021-05-21,2453.63,2464.0,2464.5,2451.5
2021-05-20,2456.03,2441.33,2461.13,2438.69
2021-05-19,2439.64,2425.66,2443.15,2415.27
2021-05-18,2450.92,2447.52,2457.35,2439.51
2021-05-17,2447.83,2432.0,2448.25,2428.33
2021-05-14,2435.29,2415.62,2438.73,2415.62
2021-05-13,2407.76,2404.24,2414.24,2398.5
2021-05-12,2401.91,2411.06,2418.54,2396.57
2021-05-11,2418.87,2401.75,2422.2,2396.91
2021-05-10,2430.14,2446.33,2450.37,2430.14
2021-05-07,2441.97,2422.7,2444.36,2421.6
2021-05-06,2419.36,2419.08,2422.27,2404.98
2021-05-05,2421.05,2407.35,2425.0,2407.35
2021-05-04,2404.5,2406.22,2408.35,2386.98
2021-05-03,2406.08,2399.65,2415.87,2399.65
2021-04-30,2395.55,2400.0,2409.98,2392.49
2021-04-29,2415.6,2435.83,2440.16,2411.9
2021-04-28,2428.47,2413.05,2434.87,2411.42
2021-04-27,2404.8,2405.02,2413.33,2397.07
2021-04-26,2403.44,2396.84,2405.73,2394.59
2021-04-23,2393.08,2389.43,2396.24,2383.74
2021-04-22,2383.83,2396.29,2396.29,2378.77
2021-04-21,2398.54,2384.7,2400.43,2384.36
2021-04-20,2386.15,2393.81,2397.56,2377.61
2021-04-19,2409.1,2426.01,2430.73,2405.99
2021-04-16,2427.79,2432.68,2432.68,2421.37
2021-04-15,2424.45,2418.1,2426.66,2414.42
2021-04-14,2406.47,2417.51,2423.54,2405.12
2021-04-13,2409.16,2417.03,2417.28,2407.24
2021-04-12,2410.33,2408.12,2416.84,2403.97
2021-04-09,2410.85,2404.31,2410.87,2400.95
2021-04-08,2410.17,2403.33,2410.17,2393.49
2021-04-07,2400.65,2397.71,2406.48,2396.79
2021-04-06,2395.57,2394.14,2403.05,2391.16
2021-04-05,2387.94,2388.01,2394.38,2386.65
2021-04-01,2382.62,2359.02,2383.13,2355.95
2021-03-31,2348.19,2350.64,2359.31,2345.84
2021-03-30,2349.9,2343.72,2353.67,2338.83
2021-03-29,2351.78,2347.38,2357.14,2338.37
2021-03-26,2354.38,2345.77,2355.2,2333.99
2021-03-25,2341.56,2330.78,2344.77,2318.9
2021-03-24,2339.21,2352.56,2359.67,2339.06
2021-03-23,2342.99,2355.86,2360.65,2339.12
2021-03-22,2358.13,2361.11,2362.25,2352.36
2021-03-19,2364.15,2363.07,2367.89,2348.08
2021-03-18,2363.6,2377.69,2382.39,2360.62
2021-03-17,2380.62,2365.94,2387.39,2359.6
2021-03-16,2365.86,2374.68,2375.32,2363.34
2021-03-15,2374.89,2361.35,2376.07,2355.81
2021-03-12,2360.51,2356.8,2361.03,2344.65
2021-03-11,2359.22,2352.49,2364.37,2350.6
2021-03-10,2339.4,2338.4,2348.44,2328.72
2021-03-09,2327.7,2326.4,2342.97,2321.98
2021-03-08,2311.86,2305.81,2330.63,2300.9
2021-03-05,2302.75,2285.98,2305.94,2255.79
2021-03-04,2269.75,2288.64,2298.38,2248.25
2021-03-03,2293.36,2306.54,2309.22,2285.98
2021-03-02,2307.51,2291.81,2311.26,2290.5
2021-03-01,2290.6,2280.42,2298.37,2280.42
2021-02-26,2258.8,2274.86,2280.32,2243.9
2021-02-25,2281.22,2311.56,2319.14,2271.48
2021-02-24,2312.86,2290.58,2323.52,2282.51
2021-02-23,2294.03,2288.56,2300.48,2256.13
2021-02-22,2301.9,2292.51,2308.35,2292.18
2021-02-19,2298.8,2289.33,2300.16,2283.49
2021-02-18,2284.66,2283.69,2292.67,2276.05
2021-02-17,2296.13,2291.11,2298.78,2281.15
2021-02-16,2311.07,2317.72,2321.7,2306.8
2021-02-12,2307.13,2296.57,2307.36,2291.67
2021-02-11,2297.32,2300.4,2302.08,2287.75
2021-02-10,2300.36,2300.63,2308.07,2280.87
2021-02-09,2293.16,2288.97,2295.07,2283.65
2021-02-08,2283.9,2274.82,2284.39,2274.44
2021-02-05,2260.93,2255.9,2262.81,2251.99
2021-02-04,2248.32,2238.1,2252.51,2233.35
2021-02-03,2232.6,2230.98,2233.94,2220.06
2021-02-02,2228.23,2213.35,2231.59,2212.45
2021-02-01,2202.76,2169.34,2206.19,2169.34
2021-01-29,2162.2,2202.23,2202.23,2157.07
2021-01-28,2203.54,2177.51,2210.84,2177.51
2021-01-27,2173.75,2201.78,2201.78,2172.54
2021-01-26,2218.74,2241.44,2241.62,2218.13
2021-01-25,2237.82,2224.87,2240.25,2215.63
2021-01-22,2230.4,2228.14,2233.42,2223.45
2021-01-21,2239.81,2250.91,2251.3,2234.56
2021-01-20,2252.35,2252.42,2254.17,2239.36
2021-01-19,2246.66,2253.48,2256.92,2243.26
2021-01-18,2246.81,2242.62,2250.29,2241.01
2021-01-15,2243.45,2248.15,2250.89,2230.9
2021-01-14,2248.46,2252.04,2257.31,2247.04
2021-01-13,2246.49,2252.37,2255.28,2241.5
2021-01-12,2253.42,2253.7,2256.62,2240.67
2021-01-11,2247.18,2247.25,2260.53,2246.31
2021-01-08,2261.67,2258.74,2262.94,2248.67
2021-01-07,2258.49,2237.2,2262.19,2237.2
2021-01-06,2232.4,2219.52,2244.33,2218.63
2021-01-05,2214.24,2195.68,2215.49,2195.68
2021-01-04,2193.29,2201.61,2202.32,2178.03
2020-12-31,2184.08,2194.93,2201.06,2183.33
2020-12-30,2198.49,2204.02,2209.88,2197.48
2020-12-29,2200.82,2208.88,2214.71,2196.48
2020-12-24,2210.62,2207.72,2213.14,2203.94
2020-12-23,2207.04,2207.74,2215.24,2205.75
2020-12-22,2203.23,2200.45,2205.96,2192.24
2020-12-21,2195.15,2195.74,2196.17,2170.58
2020-12-18,2199.59,2214.55,2215.87,2196.97
2020-12-17,2213.13,2204.11,2216.94,2204.11
2020-12-16,2202.2,2194.4,2204.53,2189.87
2020-12-15,2192.46,2182.56,2198.59,2182.56
2020-12-14,2179.41,2206.06,2208.28,2178.78
2020-12-11,2199.57,2200.57,2200.66,2189.55
2020-12-10,2206.02,2194.28,2207.32,2188.39
2020-12-09,2202.59,2214.62,2214.62,2191.49
2020-12-08,2210.95,2196.9,2212.82,2196.68
2020-12-07,2203.04,2189.34,2206.02,2185.65
2020-12-04,2195.16,2184.75,2195.65,2184.29
2020-12-03,2178.98,2178.3,2186.03,2176.32
2020-12-02,2174.3,2163.31,2174.31,2155.18
2020-12-01,2165.26,2170.72,2187.92,2163.72
2020-11-30,2149.95,2168.74,2169.25,2143.99
2020-11-27,2177.72,2168.18,2180.19,2168.18
2020-11-26,2173.22,2168.08,2175.37,2168.08
2020-11-25,2169.76,2163.25,2171.64,2157.17
2020-11-24,2166.01,2155.07,2170.81,2154.45
2020-11-23,2141.36,2137.06,2146.19,2133.29
2020-11-20,2131.25,2118.64,2134.88,2114.52
2020-11-19,2117.43,2114.68,2118.81,2104.37
2020-11-18,2114.99,2120.45,2126.95,2114.11
2020-11-17,2120.3,2110.95,2120.84,2096.68
2020-11-16,2112.21,2084.68,2112.53,2084.68
2020-11-13,2083.86,2079.78,2091.84,2079.78
2020-11-12,2073.09,2100.88,2100.88,2066.52
2020-11-11,2098.65,2092.94,2102.14,2087.63
2020-11-10,2079.98,2063.53,2084.7,2059.88
2020-11-09,2057.3,2063.21,2087.8,2055.61
2020-11-06,2033.23,2043.45,2044.73,2026.9
2020-11-05,2035.17,2029.2,2038.83,2026.4
2020-11-04,1999.2,2006.02,2013.63,1985.52
2020-11-03,1991.53,1971.42,1996.24,1971.42
2020-11-02,1959.95,1960.38,1964.17,1944.35
2020-10-30,1947.14,1951.32,1953.12,1927.16
2020-10-29,1958.3,1956.07,1967.82,1939.9
2020-10-28,1949.83,1977.89,1977.89,1948.31
2020-10-27,2001.59,2011.18,2012.7,1998.55
2020-10-26,2010.67,2024.62,2027.78,1998.78
2020-10-23,2038.44,2038.79,2041.48,2029.18
2020-10-22,2034.94,2027.56,2037.2,2018.45
2020-10-21,2028.9,2031.67,2039.92,2025.74
2020-10-20,2036.62,2048.19,2050.4,2033.51
2020-10-19,2037.98,2064.07,2064.29,2036.55
2020-10-16,2058.6,2071.33,2073.49,2058.05
2020-10-15,2066.8,2043.01,2068.92,2040.48
2020-10-14,2061.36,2074.93,2077.89,2060.23
2020-10-13,2069.24,2075.93,2075.93,2061.49
2020-10-09,2076.53,2080.4,2083.8,2070.83
2020-10-08,2075.18,2067.54,2075.79,2067.54
2020-10-07,2061.92,2051.45,2063.57,2048.82
2020-10-06,2035.55,2061.54,2063.53,2032.35
2020-10-05,2058.19,2039.99,2059.26,2038.09
2020-10-02,2031.76,2005.61,2033.62,2005.61
2020-10-01,2028.29,2029.69,2034.16,2020.15
2020-09-30,2022.05,2036.4,2043.02,2018.41
2020-09-29,2034.5,2038.06,2038.06,2024.41
2020-09-28,2040.01,2041.21,2046.48,2033.24
2020-09-25,2018.62,1994.96,2021.02,1989.17
2020-09-24,1999.76,1982.03,2010.3,1978.17
2020-09-23,1988.03,2032.96,2034.54,1987.44
2020-09-22,2026.12,2009.85,2031.19,2007.28
2020-09-21,2004.79,2018.86,2018.86,1975.66
2020-09-18,2028.91,2040.55,2043.24,2026.04
2020-09-17,2034.89,2021.29,2041.81,2017.91
2020-09-16,2042.3,2069.07,2069.41,2042.3
2020-09-15,2062.49,2069.57,2074.03,2059.44
2020-09-14,2056.13,2053.48,2058.22,2049.89
2020-09-11,2041.09,2043.76,2052.37,2030.27
2020-09-10,2035.32,2067.62,2067.62,2031.21
2020-09-09,2061.6,2044.36,2068.2,2044.36
2020-09-08,2023.95,2019.3,2039.09,2006.56
2020-09-04,2039.52,2069.81,2077.14,2023.35
2020-09-03,2069.71,2098.35,2105.17,2061.12
2020-09-02,2101.19,2105.73,2106.94,2095.66
2020-09-01,2095.9,2080.21,2095.9,2071.69
2020-08-31,2079.2,2099.69,2099.69,2076.59
2020-08-28,2103.83,2114.84,2115.81,2101.39
2020-08-27,2108.47,2117.59,2122.47,2098.23
2020-08-26,2115.95,2094.7,2116.23,2091.86
2020-08-25,2092.01,2095.69,2095.69,2080.81
2020-08-24,2092.31,2094.77,2094.77,2085.11
2020-08-21,2078.02,2078.75,2080.32,2072.67
2020-08-20,2089.39,2076.13,2091.67,2075.09
2020-08-19,2086.22,2093.77,2097.01,2084.47
2020-08-18,2093.31,2102.26,2103.62,2087.13
2020-08-17,2097.32,2094.54,2098.97,2090.34
2020-08-14,2079.44,2073.98,2083.03,2071.89
2020-08-13,2081.11,2083.33,2087.78,2073.12
2020-08-12,2088.65,2100.57,2103.05,2087.35
2020-08-11,2079.08,2090.58,2096.74,2077.76
2020-08-10,2089.48,2087.85,2094.89,2079.75
2020-08-07,2080.4,2079.67,2083.18,2073.23
2020-08-06,2083.55,2077.64,2085.94,2073.66
2020-08-05,2075.0,2067.07,2076.38,2067.07
2020-08-04,2057.74,2042.52,2058.18,2042.52
2020-07-31,2032.32,2048.66,2048.66,2017.73
2020-07-30,2051.16,2024.69,2051.16,2014.02
2020-07-29,2049.66,2047.24,2052.61,2034.39
2020-07-28,2025.48,2029.91,2034.95,2022.49
2020-07-27,2032.82,2018.76,2033.43,2013.12
2020-07-24,2012.38,2009.18,2013.74,2003.63
2020-07-23,2015.65,2036.39,2036.54,2009.77
2020-07-22,2034.92,2032.41,2037.89,2026.91
2020-07-21,2033.41,2047.99,2053.74,2032.44
2020-07-20,2035.98,2027.69,2038.33,2025.93
2020-07-17,2027.48,2023.27,2030.4,2014.42
2020-07-16,2016.75,2009.37,2022.27,2006.93
2020-07-15,2020.97,2018.42,2032.15,2011.2
2020-07-14,2004.91,1967.69,2007.23,1961.37
2020-07-13,1968.72,1982.14,1998.84,1966.54
2020-07-10,1976.49,1959.42,1977.3,1954.13
2020-07-09,1957.64,1965.28,1967.7,1935.75
2020-07-08,1966.44,1963.21,1976.16,1953.73
2020-07-07,1961.65,1962.4,1977.73,1959.48
2020-07-06,1971.01,1984.29,1989.11,1968.16
2020-07-03,1963.52,1967.09,1967.09,1958.41
2020-07-02,1967.08,1985.79,1995.31,1965.79
2020-06-30,1954.13,1930.67,1960.76,1930.67
2020-06-29,1940.4,1924.83,1945.12,1914.94
2020-06-26,1914.57,1940.29,1942.44,1911.32
2020-06-25,1947.64,1918.11,1948.58,1913.72
2020-06-24,1927.36,1949.58,1949.65,1909.07
2020-06-23,1960.28,1974.05,1975.88,1955.97
2020-06-22,1955.2,1950.75,1957.24,1943.32
2020-06-19,1950.09,1970.37,1970.39,1946.2
2020-06-18,1953.67,1936.72,1960.01,1935.47
2020-06-17,1946.18,1962.49,1963.4,1944.49
2020-06-16,1956.58,1974.35,1979.41,1947.69
2020-06-15,1936.79,1892.87,1947.72,1885.7
2020-06-12,1923.34,1938.3,1944.99,1906.27
2020-06-11,1897.79,1928.36,1941.97,1892.36
2020-06-10,1977.0,1994.66,1997.59,1967.08
2020-06-09,1994.23,1988.65,2003.66,1984.0
2020-06-08,2008.96,2001.96,2011.96,1993.55
2020-06-05,1997.7,1991.05,2002.06,1989.37
2020-06-04,1957.83,1967.55,1974.99,1954.41
2020-06-03,1968.33,1961.72,1976.14,1961.72
2020-06-02,1946.22,1931.89,1946.57,1930.38
2020-06-01,1924.02,1917.57,1929.37,1915.17
2020-05-29,1918.45,1930.27,1930.27,1905.49
2020-05-28,1932.76,1942.92,1944.15,1929.39
2020-05-27,1936.22,1923.51,1936.22,1894.41
2020-05-26,1917.69,1916.31,1921.59,1909.25
2020-05-25,1905.14,1896.06,1907.25,1892.7
2020-05-22,1884.22,1886.44,1887.82,1873.41
2020-05-21,1881.55,1895.81,1897.65,1869.2
2020-05-20,1896.66,1899.95,1904.88,1893.74
2020-05-19,1881.05,1888.2,1890.79,1873.11
2020-05-15,1852.32,1836.88,1855.39,1829.29
2020-05-14,1838.31,1818.48,1844.64,1797.66
2020-05-13,1839.43,1888.61,1888.61,1828.34
2020-05-12,1886.71,1921.77,1925.12,1886.71
2020-05-11,1913.79,1883.36,1916.15,1879.89
2020-05-08,1892.33,1889.62,1895.04,1882.99
2020-05-07,1874.88,1895.28,1902.62,1872.44
2020-05-06,1879.59,1883.16,1889.44,1868.27
2020-05-05,1876.58,1889.83,1894.22,1870.1
2020-05-04,1869.35,1843.04,1869.35,1838.73
2020-05-01,1850.98,1841.82,1855.95,1839.12
2020-04-30,1870.83,1910.46,1911.11,1870.83
2020-04-29,1930.6,1903.51,1934.78,1899.98
2020-04-28,1873.81,1866.32,1881.14,1856.29
2020-04-27,1851.34,1834.43,1852.76,1823.12
2020-04-24,1826.19,1806.28,1828.23,1803.76
2020-04-23,1802.95,1810.23,1826.32,1802.22
2020-04-22,1810.13,1780.84,1811.9,1780.84
2020-04-21,1765.9,1788.07,1813.88,1765.9
2020-04-20,1824.22,1789.29,1841.62,1783.55
2020-04-17,1822.07,1783.76,1822.9,1783.76
2020-04-16,1758.56,1777.83,1779.92,1755.43
2020-04-15,1767.82,1769.62,1783.02,1760.41
2020-04-14,1805.71,1807.59,1826.12,1786.75
2020-04-13,1783.44,1800.24,1800.39,1764.38
2020-04-09,1796.07,1788.1,1817.31,1776.16
2020-04-08,1769.6,1749.64,1774.32,1728.55
2020-04-07,1732.68,1771.89,1793.43,1727.23
2020-04-06,1734.48,1707.17,1736.24,1695.24
2020-04-03,1649.5,1671.96,1679.09,1635.21
2020-04-02,1668.79,1653.54,1690.12,1646.51
2020-04-01,1642.99,1657.22,1679.6,1635.72
2020-03-31,1710.68,1670.51,1731.35,1670.51
2020-03-30,1664.76,1626.04,1665.86,1596.38
2020-03-27,1613.49,1648.71,1649.8,1605.88
2020-03-26,1704.76,1678.65,1731.64,1673.18
2020-03-25,1676.11,1612.65,1749.35,1600.44
2020-03-24,1609.75,1517.92,1611.51,1506.66
2020-03-23,1430.56,1493.43,1510.69,1424.46
2020-03-20,1503.01,1558.81,1610.59,1497.76
2020-03-19,1539.23,1476.21,1553.66,1440.68
2020-03-18,1481.81,1536.27,1574.21,1437.46
2020-03-17,1599.08,1586.23,1659.71,1558.32
2020-03-16,1563.14,1662.39,1662.39,1505.54
2020-03-13,1737.97,1645.93,1737.97,1589.73
2020-03-12,1570.14,1681.18,1681.18,1561.27
2020-03-11,1794.1,1832.44,1844.73,1782.96
2020-03-10,1876.19,1880.38,1885.59,1812.58
2020-03-09,1817.34,1939.98,1951.48,1814.99
2020-03-06,2037.54,2044.54,2050.14,2018.24
2020-03-05,2087.09,2103.26,2104.55,2074.6
2020-03-04,2118.09,2087.67,2118.09,2086.96
2020-03-03,2073.01,2105.34,2121.15,2069.27
2020-03-02,2093.82,2059.68,2095.39,2045.79
2020-02-28,2061.56,2041.41,2064.97,2013.79
2020-02-27,2114.98,2116.49,2127.42,2081.23
2020-02-26,2155.51,2176.43,2189.78,2154.35
2020-02-25,2173.42,2221.97,2225.02,2166.23
2020-02-24,2221.55,2209.13,2226.02,2207.65
2020-02-21,2258.21,2270.03,2272.56,2256.28
2020-02-20,2271.83,2267.06,2274.05,2259.81
2020-02-19,2268.45,2262.13,2270.08,2258.14
2020-02-18,2258.5,2255.85,2261.94,2253.0
2020-02-14,2261.28,2254.88,2261.28,2253.2
2020-02-13,2257.71,2251.15,2259.87,2249.52
2020-02-12,2261.35,2256.02,2265.75,2252.34
2020-02-11,2252.86,2253.72,2258.73,2251.86
2020-02-10,2248.34,2236.21,2248.59,2236.21
2020-02-07,2238.15,2242.53,2244.75,2234.82
2020-02-06,2249.79,2242.02,2249.79,2238.19
2020-02-05,2237.99,2235.97,2241.1,2231.79
2020-02-04,2220.2,2218.04,2225.22,2217.85
2020-02-03,2201.16,2199.88,2210.73,2199.88
2020-01-31,2194.33,2212.17,2213.02,2188.22
2020-01-30,2218.72,2209.4,2220.43,2204.93
2020-01-29,2220.5,2226.96,2228.55,2219.56
2020-01-28,2220.38,2217.49,2222.81,2213.5
2020-01-27,2212.21,2200.18,2215.76,2200.18
2020-01-24,2228.33,2239.75,2240.39,2221.59
2020-01-23,2237.68,2229.9,2238.21,2226.09
2020-01-22,2233.69,2229.11,2242.24,2227.2
2020-01-21,2229.68,2227.11,2232.96,2226.47
2020-01-20,2233.88,2228.17,2236.99,2225.45
2020-01-17,2228.76,2221.42,2230.02,2220.93
2020-01-16,2219.18,2215.27,2219.63,2213.64
2020-01-15,2210.38,2204.12,2211.32,2202.07
2020-01-14,2203.48,2196.61,2204.45,2195.7
2020-01-13,2197.37,2188.21,2198.34,2184.34
2020-01-10,2188.89,2190.63,2191.95,2183.55
2020-01-09,2191.06,2184.1,2193.57,2184.1
2020-01-08,2181.95,2179.8,2190.05,2179.64
2020-01-07,2178.91,2173.81,2181.34,2172.63
2020-01-06,2171.92,2162.0,2171.92,2162.0
2020-01-03,2166.84,2166.15,2171.47,2161.67
2020-01-02,2172.11,2171.67,2178.04,2164.92
2019-12-31,2165.19,2163.59,2167.53,2159.56
2019-12-30,2169.47,2178.45,2178.45,2164.92
2019-12-27,2179.76,2184.24,2188.02,2176.21
2019-12-24,2181.26,2175.95,2181.36,2170.67
2019-12-23,2176.18,2181.69,2183.4,2172.97
2019-12-20,2177.98,2175.53,2183.84,2175.53
2019-12-19,2169.31,2166.57,2171.47,2163.37
2019-12-18,2165.87,2168.15,2169.26,2163.14
2019-12-17,2172.48,2169.7,2174.16,2165.58
2019-12-16,2169.36,2168.03,2174.65,2167.02
2019-12-13,2163.09,2155.55,2167.97,2153.49
2019-12-12,2155.29,2153.55,2164.92,2152.31
2019-12-11,2152.22,2155.3,2160.48,2148.27
2019-12-10,2152.38,2152.05,2154.67,2145.65
2019-12-09,2152.34,2155.34,2160.31,2150.42
2019-12-06,2158.81,2139.62,2161.57,2139.62
2019-12-05,2137.56,2143.53,2143.53,2132.81
2019-12-04,2145.55,2147.9,2154.87,2145.02
2019-12-03,2145.9,2146.09,2148.47,2141.08
2019-12-02,2159.36,2169.48,2170.23,2152.74
2019-11-29,2166.65,2175.48,2178.12,2166.65
2019-11-28,2177.83,2173.62,2179.19,2173.22
2019-11-27,2176.29,2169.69,2176.78,2165.84
2019-11-26,2167.82,2165.05,2169.4,2159.54
2019-11-25,2168.79,2161.4,2170.16,2160.3
2019-11-22,2158.35,2166.35,2166.5,2155.73
2019-11-21,2165.2,2165.91,2165.91,2156.99
2019-11-20,2164.24,2162.59,2169.97,2158.82
2019-11-19,2167.03,2169.3,2169.64,2160.03
2019-11-18,2168.56,2166.8,2168.56,2164.3
2019-11-15,2170.3,2163.14,2170.8,2162.41
2019-11-14,2161.34,2161.17,2165.08,2156.94
2019-11-13,2162.29,2152.42,2166.26,2151.35
2019-11-12,2155.92,2156.34,2159.56,2152.0
2019-11-11,2152.39,2146.68,2154.13,2144.15
2019-11-08,2152.44,2143.26,2152.79,2141.42
2019-11-07,2142.28,2138.83,2146.43,2138.83
2019-11-06,2134.24,2126.06,2136.63,2122.65
2019-11-05,2125.46,2123.32,2128.13,2122.78
2019-11-04,2122.91,2119.41,2124.7,2118.06
2019-11-01,2111.17,2106.11,2113.26,2103.37
2019-10-31,2095.65,2094.73,2096.12,2085.3
2019-10-30,2100.18,2087.58,2100.48,2081.64
2019-10-29,2088.66,2078.42,2093.51,2077.23
2019-10-28,2086.67,2091.62,2094.75,2086.67
2019-10-25,2087.47,2080.06,2089.88,2079.36
2019-10-24,2082.27,2084.44,2088.68,2076.96
2019-10-23,2078.27,2081.79,2084.23,2074.41
2019-10-22,2082.87,2093.78,2095.68,2082.87
2019-10-21,2086.47,2085.63,2089.27,2084.51
2019-10-18,2079.28,2089.3,2091.83,2079.28
2019-10-17,2086.76,2091.78,2093.47,2083.2
2019-10-16,2088.43,2089.57,2091.38,2085.8
2019-10-15,2087.79,2089.74,2100.8,2087.79
2019-10-11,2085.6,2092.36,2099.01,2085.48
2019-10-10,2082.93,2076.34,2086.27,2074.22
2019-10-09,2076.59,2070.9,2080.72,2065.97
2019-10-08,2063.59,2074.56,2075.38,2061.99
2019-10-07,2083.2,2082.75,2089.78,2079.25
2019-10-04,2086.24,2079.24,2086.97,2074.97
2019-10-03,2076.73,2066.16,2076.83,2053.78
2019-10-02,2070.34,2082.03,2084.09,2059.03
2019-10-01,2090.68,2122.14,2125.89,2087.32
2019-09-30,2119.07,2120.24,2127.91,2119.07
2019-09-27,2123.16,2132.17,2132.17,2117.56
2019-09-26,2133.36,2132.95,2133.87,2127.12
2019-09-25,2132.69,2127.82,2134.67,2122.87
2019-09-24,2132.51,2144.5,2150.32,2128.75
2019-09-23,2142.99,2143.31,2147.06,2140.81
2019-09-20,2149.44,2151.62,2157.96,2145.49
2019-09-19,2146.2,2142.09,2153.52,2142.09
2019-09-18,2138.35,2140.33,2144.64,2129.8
2019-09-17,2141.94,2128.91,2144.92,2127.61
2019-09-16,2131.65,2123.87,2134.13,2123.75
2019-09-13,2122.98,2122.22,2132.46,2122.22
2019-09-12,2116.65,2112.21,2123.63,2107.69
2019-09-11,2111.63,2103.58,2113.43,2102.5
2019-09-10,2101.5,2091.03,2101.54,2089.49
2019-09-09,2094.3,2103.23,2103.23,2089.39
2019-09-06,2098.55,2099.38,2103.39,2095.71
2019-09-05,2103.56,2091.87,2107.23,2091.68
2019-09-04,2083.88,2091.36,2099.02,2082.17
2019-09-03,2078.7,2077.06,2084.08,2069.57
2019-08-30,2085.81,2085.28,2087.85,2076.37
2019-08-29,2078.89,2074.88,2082.83,2072.51
2019-08-28,2061.73,2050.02,2065.28,2048.77
2019-08-27,2051.58,2047.22,2052.88,2042.99
2019-08-26,2042.16,2046.0,2050.63,2038.13
2019-08-23,2031.64,2056.5,2068.11,2026.91
2019-08-22,2061.94,2068.46,2072.03,2059.4
2019-08-21,2068.14,2059.29,2068.14,2057.89
2019-08-20,2054.02,2062.4,2062.6,2051.85
2019-08-19,2067.97,2059.65,2070.4,2055.6
2019-08-16,2047.81,2034.16,2048.66,2034.16
2019-08-15,2028.39,2032.74,2035.71,2021.61
2019-08-14,2033.79,2054.68,2062.33,2030.82
2019-08-13,2076.12,2058.11,2079.6,2058.11
2019-08-12,2059.76,2067.32,2072.31,2055.55
2019-08-09,2073.66,2076.78,2083.89,2068.44
2019-08-08,2081.29,2070.45,2083.54,2068.02
2019-08-07,2063.68,2038.9,2066.38,2034.79
2019-08-06,2047.85,2039.41,2052.78,2025.95
2019-08-02,2065.41,2078.24,2082.7,2056.36
2019-08-01,2080.95,2085.96,2100.69,2079.12
2019-07-31,2088.91,2094.46,2095.86,2072.78
2019-07-30,2095.75,2091.52,2097.96,2090.22
2019-07-29,2099.9,2108.59,2108.59,2098.27
2019-07-26,2106.37,2106.52,2109.95,2104.97
2019-07-25,2101.15,2117.97,2117.97,2096.84
2019-07-24,2117.76,2108.09,2119.62,2107.05
2019-07-23,2113.16,2115.77,2117.0,2108.59
2019-07-22,2106.61,2105.2,2108.11,2104.38
2019-07-19,2102.02,2108.95,2113.6,2101.71
2019-07-18,2103.03,2101.38,2105.47,2097.17
2019-07-17,2103.04,2107.12,2111.53,2101.37
2019-07-16,2107.65,2105.14,2110.11,2101.83
2019-07-15,2107.7,2107.39,2109.77,2102.82
2019-07-12,2105.47,2111.78,2112.15,2103.89
2019-07-11,2112.38,2115.42,2116.85,2111.13
2019-07-10,2115.78,2121.1,2128.27,2110.83
2019-07-09,2115.61,2099.31,2115.62,2097.77
2019-07-08,2104.11,2106.17,2108.27,2102.95
2019-07-05,2113.94,2112.03,2114.82,2104.76
2019-07-04,2120.86,2118.73,2122.42,2116.56
2019-07-03,2119.61,2105.59,2119.85,2105.59
2019-07-02,2104.66,2104.77,2104.88,2095.21
2019-06-28,2094.3,2086.9,2094.3,2083.23
2019-06-27,2083.75,2085.21,2085.77,2079.2
2019-06-26,2084.6,2093.35,2093.78,2083.37
2019-06-25,2091.08,2108.41,2109.13,2091.08
2019-06-24,2111.0,2111.44,2115.07,2109.95
2019-06-21,2112.56,2116.73,2117.37,2110.04
2019-06-20,2119.75,2114.37,2123.31,2114.37
2019-06-19,2111.28,2110.3,2114.41,2109.67
2019-06-18,2110.14,2097.59,2113.47,2097.59
2019-06-17,2090.3,2083.08,2091.52,2080.86
2019-06-14,2083.52,2072.68,2086.79,2067.74
2019-06-13,2075.11,2077.61,2078.27,2071.16
2019-06-12,2072.6,2069.96,2075.78,2069.06
2019-06-11,2076.82,2082.65,2085.1,2074.3
2019-06-10,2073.22,2075.58,2079.37,2070.89
2019-06-07,2074.29,2073.92,2079.84,2072.69
2019-06-06,2073.51,2074.22,2076.59,2066.91
2019-06-05,2072.8,2071.71,2074.61,2060.72
2019-06-04,2065.9,2050.33,2065.9,2046.86
2019-06-03,2044.45,2048.81,2058.4,2037.03
2019-05-31,2048.68,2046.92,2050.46,2039.55
2019-05-30,2056.99,2064.24,2066.43,2053.22
2019-05-29,2063.11,2081.09,2081.09,2058.81
2019-05-28,2084.1,2085.58,2090.3,2079.55
2019-05-27,2089.63,2076.49,2089.63,2075.55
