"Date","Price","Open","High","Low","Vol.","Change %"
"Jun 25, 2021","5,209.51","5,229.40","5,244.01","5,181.80","-","1.28%"
"Jun 24, 2021","5,143.50","5,124.77","5,222.16","5,101.74","-","1.88%"
"Jun 23, 2021","5,048.41","5,071.84","5,122.16","5,048.41","-","1.45%"
"Jun 22, 2021","4,976.35","5,005.71","5,054.09","4,957.32","-","-0.45%"
"Jun 21, 2021","4,998.86","5,018.66","5,049.87","4,988.42","-","0.36%"
"Jun 18, 2021","4,981.17","5,005.87","5,022.84","4,926.81","-","-1.06%"
"Jun 17, 2021","5,034.52","5,069.13","5,106.53","5,005.00","-","-2.16%"
"Jun 16, 2021","5,145.87","5,205.21","5,205.21","5,082.56","-","-0.84%"
"Jun 15, 2021","5,189.71","5,241.92","5,241.92","5,163.47","-","-1.23%"
"Jun 14, 2021","5,254.26","5,293.63","5,294.80","5,241.97","-","-0.82%"
"Jun 11, 2021","5,297.84","5,311.12","5,334.10","5,271.90","-","0.18%"
"Jun 10, 2021","5,288.34","5,282.76","5,327.10","5,280.28","-","-0.27%"
"Jun 09, 2021","5,302.55","5,314.26","5,314.26","5,261.81","-","0.54%"
"Jun 08, 2021","5,274.02","5,325.36","5,330.47","5,250.94","-","-1.16%"
"Jun 07, 2021","5,335.86","5,236.04","5,357.16","5,236.04","-","2.93%"
"Jun 04, 2021","5,183.81","5,187.99","5,206.79","5,160.91","-","0.18%"
"Jun 03, 2021","5,174.36","5,186.29","5,186.29","5,112.94","-","-0.75%"
"Jun 02, 2021","5,213.43","5,209.70","5,251.26","5,207.21","-","-0.27%"
"Jun 01, 2021","5,227.77","5,239.95","5,263.05","5,195.29","-","-0.38%"
"May 31, 2021","5,247.84","5,152.74","5,263.55","5,146.54","-","2.06%"
"May 28, 2021","5,141.82","5,102.48","5,158.11","5,068.93","-","1.00%"
"May 27, 2021","5,090.69","5,057.08","5,098.24","5,050.06","-","0.64%"
"May 26, 2021","5,058.20","5,017.31","5,068.07","5,017.31","-","0.65%"
"May 25, 2021","5,025.78","5,105.14","5,105.14","5,015.84","-","-1.43%"
"May 24, 2021","5,098.62","5,125.32","5,126.68","5,079.87","-","-0.27%"
"May 21, 2021","5,112.42","5,152.73","5,155.64","5,054.91","-","-0.63%"
"May 20, 2021","5,144.98","5,100.48","5,155.48","5,065.49","-","0.78%"
"May 19, 2021","5,105.03","5,096.93","5,112.38","5,036.48","-","-0.97%"
"May 18, 2021","5,154.98","5,120.90","5,162.72","5,116.47","-","0.95%"
"May 17, 2021","5,106.59","5,066.67","5,115.88","5,063.12","-","0.59%"
"May 14, 2021","5,076.61","5,054.47","5,097.75","5,054.47","-","1.96%"
"May 13, 2021","4,978.80","4,970.61","5,041.86","4,962.13","-","-0.09%"
"May 12, 2021","4,983.15","5,067.53","5,075.24","4,951.84","-","-2.67%"
"May 11, 2021","5,119.75","5,100.92","5,119.75","5,059.05","-","-0.45%"
"May 10, 2021","5,142.87","5,090.95","5,165.18","5,090.95","-","1.35%"
"May 07, 2021","5,074.20","5,028.58","5,091.30","5,020.13","-","2.16%"
"May 06, 2021","4,966.93","4,904.98","4,999.72","4,894.81","-","1.27%"
"May 05, 2021","4,904.49","4,912.61","4,946.02","4,879.75","-","0.36%"
"May 04, 2021","4,886.86","4,900.52","4,903.78","4,856.63","-","-0.57%"
"May 03, 2021","4,914.92","4,867.02","4,932.23","4,866.83","-","0.91%"
"Apr 30, 2021","4,870.63","4,981.25","4,995.13","4,843.73","-","-2.38%"
"Apr 29, 2021","4,989.41","4,988.76","5,031.24","4,977.82","-","0.27%"
"Apr 28, 2021","4,976.05","5,014.55","5,018.87","4,976.05","-","-0.81%"
"Apr 27, 2021","5,016.74","5,043.48","5,080.24","4,991.70","-","-0.94%"
"Apr 26, 2021","5,064.33","5,099.75","5,101.55","5,042.87","-","0.04%"
"Apr 23, 2021","5,062.33","5,082.60","5,100.21","5,037.42","-","-0.22%"
"Apr 22, 2021","5,073.69","5,062.39","5,073.69","5,028.14","-","0.38%"
"Apr 21, 2021","5,054.33","5,006.14","5,068.58","5,005.18","-","0.52%"
"Apr 20, 2021","5,028.15","4,971.27","5,028.15","4,948.13","-","0.69%"
"Apr 19, 2021","4,993.45","5,050.86","5,057.40","4,980.70","-","-0.93%"
"Apr 16, 2021","5,040.38","5,000.25","5,064.13","4,990.56","-","0.49%"
"Apr 15, 2021","5,015.93","4,970.59","5,027.29","4,968.65","-","1.16%"
"Apr 14, 2021","4,958.59","4,918.80","4,965.79","4,899.21","-","1.89%"
"Apr 13, 2021","4,866.65","4,836.85","4,875.78","4,819.66","-","0.21%"
"Apr 12, 2021","4,856.30","4,864.29","4,891.93","4,828.13","-","-0.07%"
"Apr 09, 2021","4,859.65","4,928.22","4,932.87","4,855.99","-","-1.84%"
"Apr 08, 2021","4,950.61","4,895.43","4,968.11","4,888.62","-","1.17%"
"Apr 07, 2021","4,893.49","4,891.00","4,898.64","4,839.24","-","-0.22%"
"Apr 06, 2021","4,904.43","4,919.63","4,926.60","4,888.10","-","0.01%"
"Apr 05, 2021","4,904.17","4,850.17","4,915.70","4,822.86","-","2.46%"
"Apr 02, 2021","4,786.51","4,786.51","4,786.51","4,786.51","-","0.00%"
"Apr 01, 2021","4,786.51","4,786.51","4,786.51","4,786.51","-","0.68%"
"Mar 31, 2021","4,754.11","4,815.61","4,823.51","4,738.58","-","-0.80%"
"Mar 30, 2021","4,792.44","4,767.07","4,806.85","4,724.94","-","1.01%"
"Mar 29, 2021","4,744.46","4,707.45","4,775.23","4,677.96","-","0.06%"
"Mar 26, 2021","4,741.48","4,737.91","4,753.61","4,657.36","-","1.77%"
"Mar 25, 2021","4,659.08","4,582.40","4,684.79","4,577.93","-","0.80%"
"Mar 24, 2021","4,621.98","4,631.40","4,654.94","4,584.73","-","-0.57%"
"Mar 23, 2021","4,648.36","4,700.25","4,709.73","4,611.19","-","-1.39%"
"Mar 22, 2021","4,713.73","4,682.69","4,753.52","4,675.42","-","-0.12%"
"Mar 19, 2021","4,719.26","4,785.52","4,794.97","4,706.76","-","-1.36%"
"Mar 18, 2021","4,784.51","4,775.20","4,831.13","4,761.84","-","0.92%"
"Mar 17, 2021","4,740.88","4,780.98","4,835.49","4,740.88","-","-1.61%"
"Mar 16, 2021","4,818.49","4,772.60","4,827.69","4,731.15","-","1.57%"
"Mar 15, 2021","4,744.23","4,744.23","4,744.23","4,744.23","-","0.05%"
"Mar 12, 2021","4,741.71","4,708.78","4,760.99","4,698.37","-","0.20%"
"Mar 11, 2021","4,732.43","4,718.79","4,778.50","4,714.44","-","1.84%"
"Mar 10, 2021","4,647.15","4,622.75","4,694.94","4,602.97","-","2.06%"
"Mar 09, 2021","4,553.14","4,568.13","4,592.50","4,535.09","-","0.81%"
"Mar 08, 2021","4,516.74","4,446.36","4,554.21","4,439.65","-","0.78%"
"Mar 05, 2021","4,481.92","4,499.08","4,530.86","4,450.32","-","-1.51%"
"Mar 04, 2021","4,550.47","4,572.11","4,621.71","4,475.93","-","-0.45%"
"Mar 03, 2021","4,570.83","4,535.75","4,572.92","4,520.75","-","0.51%"
"Mar 02, 2021","4,547.75","4,470.94","4,578.84","4,466.43","-","1.74%"
"Mar 01, 2021","4,469.99","4,458.34","4,505.70","4,435.29","-","1.90%"
"Feb 26, 2021","4,386.69","4,378.13","4,400.90","4,333.28","-","0.08%"
"Feb 25, 2021","4,383.40","4,513.91","4,550.49","4,351.44","-","-3.52%"
"Feb 24, 2021","4,543.38","4,553.02","4,582.65","4,516.59","-","0.21%"
"Feb 23, 2021","4,533.78","4,470.40","4,575.30","4,414.85","-","1.51%"
"Feb 22, 2021","4,466.33","4,461.71","4,507.12","4,445.99","-","-1.37%"
"Feb 19, 2021","4,528.41","4,516.41","4,557.97","4,510.39","-","0.87%"
"Feb 18, 2021","4,489.41","4,571.02","4,571.02","4,489.41","-","-2.21%"
"Feb 17, 2021","4,590.66","4,538.29","4,608.25","4,520.03","-","0.37%"
"Feb 16, 2021","4,573.71","4,550.16","4,587.31","4,543.00","-","0.15%"
"Feb 15, 2021","4,566.96","4,567.68","4,579.20","4,554.28","-","0.12%"
"Feb 12, 2021","4,561.65","4,526.22","4,575.56","4,509.56","-","0.15%"
"Feb 11, 2021","4,554.71","4,624.28","4,663.78","4,532.10","-","-1.05%"
"Feb 10, 2021","4,603.08","4,665.31","4,665.31","4,594.44","-","-0.51%"
"Feb 09, 2021","4,626.67","4,533.54","4,634.95","4,533.54","-","2.13%"
"Feb 08, 2021","4,530.30","4,515.09","4,550.98","4,496.32","-","0.24%"
"Feb 05, 2021","4,519.42","4,511.91","4,569.99","4,507.39","-","1.56%"
"Feb 04, 2021","4,449.96","4,465.37","4,475.29","4,423.97","-","-0.60%"
"Feb 03, 2021","4,476.85","4,496.49","4,517.08","4,433.23","-","-0.01%"
"Feb 02, 2021","4,477.34","4,390.11","4,532.78","4,390.11","-","3.60%"
"Feb 01, 2021","4,321.88","4,321.88","4,321.88","4,321.88","-","-1.24%"
"Jan 29, 2021","4,376.00","4,532.62","4,532.62","4,308.45","-","-2.51%"
"Jan 28, 2021","4,488.50","4,500.27","4,539.12","4,463.41","-","-0.77%"
"Jan 27, 2021","4,523.26","4,573.75","4,573.75","4,466.10","-","-2.64%"
"Jan 26, 2021","4,645.88","4,648.59","4,660.54","4,567.60","-","0.70%"
"Jan 25, 2021","4,613.48","4,599.48","4,645.02","4,507.27","-","0.15%"
"Jan 22, 2021","4,606.52","4,631.11","4,633.65","4,553.92","-","-1.68%"
"Jan 21, 2021","4,685.30","4,738.18","4,744.40","4,660.73","-","-1.18%"
"Jan 20, 2021","4,741.09","4,799.04","4,799.04","4,714.45","-","-0.53%"
"Jan 19, 2021","4,766.47","4,878.39","4,880.59","4,751.02","-","-1.93%"
"Jan 18, 2021","4,860.11","4,769.46","4,880.00","4,769.46","-","1.70%"
"Jan 15, 2021","4,779.10","4,779.34","4,796.15","4,755.12","-","-0.34%"
"Jan 14, 2021","4,795.29","4,764.57","4,837.89","4,737.12","-","0.34%"
"Jan 13, 2021","4,778.81","4,795.42","4,801.52","4,745.34","-","0.44%"
"Jan 12, 2021","4,757.98","4,800.76","4,827.30","4,757.98","-","-0.35%"
"Jan 11, 2021","4,774.54","4,771.01","4,805.75","4,721.47","-","-1.41%"
"Jan 08, 2021","4,842.66","4,803.61","4,860.71","4,787.08","-","1.02%"
"Jan 07, 2021","4,793.99","4,787.37","4,807.67","4,746.17","-","0.41%"
"Jan 06, 2021","4,774.19","4,709.23","4,866.00","4,709.23","-","2.28%"
"Jan 05, 2021","4,667.74","4,624.23","4,681.36","4,604.52","-","0.20%"
"Jan 04, 2021","4,658.31","4,625.22","4,733.84","4,624.54","-","1.93%"
"Jan 01, 2021","4,569.97","4,569.97","4,569.97","4,569.97","-","0.00%"
"Dec 31, 2020","4,569.97","4,648.44","4,648.44","4,568.40","-","-1.60%"
"Dec 30, 2020","4,644.22","4,645.69","4,697.58","4,614.75","-","-0.07%"
"Dec 29, 2020","4,647.60","4,561.76","4,649.93","4,559.96","-","2.96%"
"Dec 28, 2020","4,514.15","4,507.60","4,529.21","4,485.38","-","0.01%"
"Dec 25, 2020","4,513.57","4,513.57","4,513.57","4,513.57","-","0.00%"
"Dec 24, 2020","4,513.57","4,531.15","4,548.25","4,500.28","-","0.78%"
"Dec 23, 2020","4,478.55","4,385.46","4,510.23","4,379.37","-","2.14%"
"Dec 22, 2020","4,384.51","4,467.68","4,472.81","4,361.87","-","-1.03%"
"Dec 21, 2020","4,430.29","4,451.89","4,502.97","4,404.82","-","-2.34%"
"Dec 18, 2020","4,536.24","4,625.85","4,647.85","4,482.67","-","-1.75%"
"Dec 17, 2020","4,617.20","4,570.37","4,649.75","4,565.56","-","1.74%"
"Dec 16, 2020","4,538.22","4,526.91","4,563.49","4,524.39","-","1.35%"
"Dec 15, 2020","4,477.71","4,472.14","4,573.78","4,467.21","-","0.12%"
"Dec 14, 2020","4,472.44","4,509.18","4,509.18","4,448.51","-","-0.22%"
"Dec 11, 2020","4,482.29","4,487.40","4,507.98","4,444.31","-","-0.71%"
"Dec 10, 2020","4,514.53","4,420.96","4,529.34","4,413.87","-","1.45%"
"Dec 09, 2020","4,450.20","4,508.38","4,508.84","4,396.96","-","-1.16%"
"Dec 08, 2020","4,502.50","4,512.08","4,559.44","4,472.65","-","-0.09%"
"Dec 07, 2020","4,506.59","4,550.39","4,560.18","4,476.59","-","-1.08%"
"Dec 04, 2020","4,555.87","4,587.79","4,659.79","4,548.95","-","-0.15%"
"Dec 03, 2020","4,562.62","4,518.65","4,570.10","4,510.98","-","1.38%"
"Dec 02, 2020","4,500.60","4,430.21","4,519.31","4,425.68","-","1.71%"
"Dec 01, 2020","4,424.86","4,330.17","4,461.25","4,330.17","-","2.95%"
"Nov 30, 2020","4,297.93","4,308.52","4,318.79","4,255.97","-","0.03%"
"Nov 27, 2020","4,296.49","4,390.31","4,392.08","4,293.01","-","-1.97%"
"Nov 26, 2020","4,382.77","4,355.18","4,389.78","4,323.49","-","0.66%"
"Nov 25, 2020","4,354.04","4,406.63","4,406.63","4,347.94","-","-1.28%"
"Nov 24, 2020","4,410.61","4,375.49","4,434.66","4,364.31","-","1.38%"
"Nov 23, 2020","4,350.55","4,339.85","4,353.98","4,310.65","-","0.85%"
"Nov 20, 2020","4,313.95","4,316.18","4,346.85","4,299.83","-","0.30%"
"Nov 19, 2020","4,301.21","4,317.20","4,335.31","4,250.89","-","-0.97%"
"Nov 18, 2020","4,343.46","4,318.04","4,382.59","4,288.81","-","1.21%"
"Nov 17, 2020","4,291.40","4,164.47","4,305.73","4,164.47","-","2.80%"
"Nov 16, 2020","4,174.39","4,174.39","4,174.39","4,174.39","-","1.29%"
"Nov 13, 2020","4,121.12","4,087.42","4,149.50","4,063.92","-","1.05%"
"Nov 12, 2020","4,078.23","4,114.17","4,123.20","4,034.28","-","-0.97%"
"Nov 11, 2020","4,118.23","4,109.04","4,145.16","4,091.12","-","0.24%"
"Nov 10, 2020","4,108.47","4,026.82","4,127.54","4,022.14","-","1.53%"
"Nov 09, 2020","4,046.57","4,025.63","4,120.31","4,013.52","-","4.33%"
"Nov 06, 2020","3,878.51","3,844.40","3,891.42","3,834.56","-","1.21%"
"Nov 05, 2020","3,832.16","3,753.56","3,841.44","3,744.40","-","4.32%"
"Nov 04, 2020","3,673.52","3,682.00","3,737.23","3,653.23","-","0.03%"
"Nov 03, 2020","3,672.57","3,632.67","3,687.06","3,618.52","-","2.73%"
"Nov 02, 2020","3,575.02","3,575.02","3,575.02","3,575.02","-","-0.66%"
"Oct 30, 2020","3,598.67","3,580.17","3,618.93","3,571.50","-","1.03%"
"Oct 29, 2020","3,562.12","3,626.21","3,626.21","3,552.53","-","-2.61%"
"Oct 28, 2020","3,657.42","3,672.43","3,679.90","3,593.81","-","-2.85%"
"Oct 27, 2020","3,764.78","3,790.51","3,790.51","3,742.13","-","-0.27%"
"Oct 26, 2020","3,774.97","3,810.20","3,810.20","3,764.13","-","-1.58%"
"Oct 23, 2020","3,835.49","3,842.93","3,868.76","3,821.78","-","0.53%"
"Oct 22, 2020","3,815.32","3,808.84","3,821.21","3,776.11","-","0.27%"
"Oct 21, 2020","3,805.11","3,772.96","3,826.00","3,766.30","-","1.47%"
"Oct 20, 2020","3,750.10","3,680.97","3,761.94","3,677.31","-","1.76%"
"Oct 19, 2020","3,685.27","3,712.40","3,721.66","3,656.85","-","-0.31%"
"Oct 16, 2020","3,696.55","3,708.38","3,742.34","3,692.27","-","0.55%"
"Oct 15, 2020","3,676.43","3,651.88","3,702.74","3,631.87","-","-0.51%"
"Oct 14, 2020","3,695.44","3,702.84","3,710.81","3,674.38","-","0.34%"
"Oct 13, 2020","3,683.08","3,714.20","3,715.85","3,673.86","-","-1.39%"
"Oct 12, 2020","3,735.17","3,752.32","3,772.97","3,725.20","-","-0.61%"
"Oct 09, 2020","3,758.10","3,747.94","3,782.15","3,715.13","-","1.33%"
"Oct 08, 2020","3,708.65","3,606.27","3,720.16","3,598.79","-","3.05%"
"Oct 07, 2020","3,598.94","3,576.51","3,606.20","3,570.85","-","0.89%"
"Oct 06, 2020","3,567.27","3,573.95","3,585.00","3,513.16","-","0.06%"
"Oct 05, 2020","3,565.26","3,541.68","3,589.40","3,533.58","-","2.10%"
"Oct 02, 2020","3,491.80","3,437.80","3,515.29","3,429.04","-","1.16%"
"Oct 01, 2020","3,451.91","3,543.51","3,544.00","3,451.91","-","-1.95%"
"Sep 30, 2020","3,520.59","3,458.91","3,548.83","3,453.40","-","2.24%"
"Sep 29, 2020","3,443.30","3,468.25","3,468.25","3,413.39","-","0.40%"
"Sep 28, 2020","3,429.50","3,433.33","3,454.72","3,394.60","-","1.27%"
"Sep 25, 2020","3,386.63","3,364.44","3,401.57","3,302.88","-","1.52%"
"Sep 24, 2020","3,335.91","3,279.80","3,424.40","3,279.80","-","-0.44%"
"Sep 23, 2020","3,350.81","3,392.62","3,407.63","3,308.08","-","-2.94%"
"Sep 22, 2020","3,452.30","3,447.22","3,456.94","3,404.65","-","1.28%"
"Sep 21, 2020","3,408.63","3,461.02","3,461.02","3,395.94","-","-4.04%"
"Sep 18, 2020","3,552.06","3,592.70","3,593.41","3,525.61","-","-0.35%"
"Sep 17, 2020","3,564.66","3,605.30","3,614.34","3,564.66","-","-1.91%"
"Sep 16, 2020","3,634.01","3,634.01","3,634.01","3,634.01","-","0.28%"
"Sep 15, 2020","3,623.88","3,663.17","3,668.39","3,611.22","-","-0.59%"
"Sep 14, 2020","3,645.36","3,606.92","3,656.09","3,591.53","-","2.97%"
"Sep 11, 2020","3,540.10","3,530.20","3,551.28","3,510.04","-","0.41%"
"Sep 10, 2020","3,525.56","3,531.98","3,550.92","3,481.10","-","1.20%"
"Sep 09, 2020","3,483.91","3,468.23","3,525.49","3,455.43","-","1.41%"
"Sep 08, 2020","3,435.60","3,470.53","3,470.53","3,405.73","-","-2.41%"
"Sep 07, 2020","3,520.44","3,499.95","3,525.17","3,495.48","-","0.69%"
"Sep 04, 2020","3,496.28","3,492.59","3,519.22","3,427.91","-","0.18%"
"Sep 03, 2020","3,490.06","3,540.71","3,547.17","3,467.33","-","-0.76%"
"Sep 02, 2020","3,516.95","3,575.34","3,575.34","3,508.26","-","-1.54%"
"Sep 01, 2020","3,571.78","3,522.11","3,571.78","3,502.89","-","2.51%"
"Aug 31, 2020","3,484.23","3,588.25","3,588.25","3,474.28","-","-2.93%"
"Aug 28, 2020","3,589.34","3,557.41","3,614.29","3,556.40","-","1.26%"
"Aug 27, 2020","3,544.85","3,595.64","3,595.64","3,503.48","-","-0.85%"
"Aug 26, 2020","3,575.22","3,619.65","3,619.65","3,564.23","-","-1.02%"
"Aug 25, 2020","3,612.17","3,594.38","3,623.39","3,580.23","-","0.49%"
"Aug 24, 2020","3,594.39","3,624.80","3,636.02","3,587.56","-","-0.06%"
"Aug 21, 2020","3,596.63","3,642.12","3,642.12","3,596.63","-","-0.68%"
"Aug 20, 2020","3,621.23","3,636.62","3,643.74","3,598.73","-","-1.61%"
"Aug 19, 2020","3,680.36","3,686.02","3,706.87","3,659.44","-","0.14%"
"Aug 18, 2020","3,675.14","3,715.00","3,715.32","3,650.52","-","-0.97%"
"Aug 17, 2020","3,711.22","3,684.02","3,711.22","3,672.98","-","0.87%"
"Aug 14, 2020","3,679.24","3,622.18","3,690.49","3,620.54","-","2.05%"
"Aug 13, 2020","3,605.22","3,603.01","3,643.99","3,583.48","-","-0.03%"
"Aug 12, 2020","3,606.19","3,613.94","3,623.29","3,598.26","-","0.29%"
"Aug 11, 2020","3,595.62","3,583.94","3,627.60","3,582.41","-","1.71%"
"Aug 10, 2020","3,535.16","3,539.70","3,562.99","3,527.79","-","0.63%"
"Aug 07, 2020","3,512.95","3,512.68","3,539.03","3,499.72","-","-0.56%"
"Aug 06, 2020","3,532.82","3,517.26","3,541.28","3,505.18","-","0.43%"
"Aug 05, 2020","3,517.70","3,474.69","3,568.32","3,472.84","-","2.71%"
"Aug 04, 2020","3,425.01","3,428.31","3,451.41","3,418.44","-","-1.05%"
"Aug 03, 2020","3,461.52","3,457.38","3,474.27","3,423.31","-","-0.33%"
"Jul 31, 2020","3,473.13","3,502.31","3,502.31","3,428.91","-","-0.38%"
"Jul 30, 2020","3,486.27","3,530.84","3,542.14","3,486.27","-","-2.36%"
"Jul 29, 2020","3,570.63","3,595.35","3,595.35","3,540.04","-","-0.44%"
"Jul 28, 2020","3,586.48","3,559.71","3,592.86","3,551.75","-","0.38%"
"Jul 27, 2020","3,572.78","3,521.45","3,574.36","3,501.79","-","2.72%"
"Jul 24, 2020","3,478.29","3,471.42","3,494.56","3,440.91","-","-0.33%"
"Jul 23, 2020","3,489.65","3,484.68","3,490.88","3,454.37","-","-0.74%"
"Jul 22, 2020","3,515.79","3,441.98","3,515.79","3,440.53","-","2.40%"
"Jul 21, 2020","3,433.28","3,392.60","3,458.31","3,392.60","-","2.77%"
"Jul 20, 2020","3,340.78","3,348.11","3,366.55","3,318.59","-","-0.49%"
"Jul 17, 2020","3,357.24","3,387.09","3,387.09","3,338.30","-","-1.22%"
"Jul 16, 2020","3,398.69","3,393.81","3,404.88","3,362.76","-","-0.56%"
"Jul 15, 2020","3,417.99","3,411.81","3,428.65","3,392.19","-","2.88%"
"Jul 14, 2020","3,322.43","3,312.90","3,351.60","3,281.40","-","-1.34%"
"Jul 13, 2020","3,367.70","3,379.52","3,422.11","3,322.38","-","0.37%"
"Jul 10, 2020","3,355.27","3,366.96","3,380.12","3,341.01","-","-0.10%"
"Jul 09, 2020","3,358.52","3,443.08","3,446.86","3,358.52","-","-1.48%"
"Jul 08, 2020","3,408.81","3,464.44","3,467.72","3,387.16","-","-1.68%"
"Jul 07, 2020","3,467.06","3,494.33","3,505.44","3,436.16","-","-1.95%"
"Jul 06, 2020","3,535.97","3,558.23","3,566.24","3,511.81","-","0.67%"
"Jul 03, 2020","3,512.34","3,511.53","3,521.51","3,489.07","-","0.66%"
"Jul 02, 2020","3,489.34","3,492.42","3,555.48","3,479.98","-","1.88%"
"Jul 01, 2020","3,425.07","3,419.78","3,463.67","3,410.65","-","1.16%"
"Jun 30, 2020","3,385.86","3,390.97","3,414.49","3,356.07","-","-0.11%"
"Jun 29, 2020","3,389.57","3,381.18","3,401.29","3,355.86","-","0.28%"
"Jun 26, 2020","3,380.27","3,438.93","3,441.57","3,368.42","-","-1.55%"
"Jun 25, 2020","3,433.58","3,452.03","3,471.97","3,423.74","-","-1.83%"
"Jun 24, 2020","3,497.65","3,505.06","3,513.10","3,460.55","-","-1.54%"
"Jun 23, 2020","3,552.40","3,572.90","3,603.07","3,540.27","-","0.38%"
"Jun 22, 2020","3,538.88","3,556.79","3,558.44","3,524.07","-","0.05%"
"Jun 19, 2020","3,537.22","3,488.02","3,558.57","3,474.70","-","1.95%"
"Jun 18, 2020","3,469.46","3,495.30","3,495.49","3,431.07","-","-1.79%"
"Jun 17, 2020","3,532.73","3,565.61","3,572.06","3,515.70","-","-0.19%"
"Jun 16, 2020","3,539.54","3,599.92","3,620.84","3,498.95","-","2.65%"
"Jun 15, 2020","3,448.31","3,449.54","3,545.29","3,417.62","-","-1.69%"
"Jun 12, 2020","3,507.43","3,490.15","3,542.40","3,441.11","-","2.27%"
"Jun 11, 2020","3,429.68","3,505.94","3,529.01","3,364.53","-","-5.62%"
"Jun 10, 2020","3,633.96","3,746.62","3,746.62","3,633.96","-","-3.84%"
"Jun 09, 2020","3,779.07","3,804.09","3,804.09","3,714.46","-","-1.63%"
"Jun 08, 2020","3,841.73","3,778.32","3,877.88","3,743.42","-","2.22%"
"Jun 05, 2020","3,758.37","3,685.46","3,788.55","3,685.46","-","3.48%"
"Jun 04, 2020","3,631.92","3,653.09","3,672.58","3,586.28","-","-1.71%"
"Jun 03, 2020","3,695.29","3,624.07","3,699.06","3,623.25","-","2.53%"
"Jun 02, 2020","3,604.09","3,525.82","3,647.15","3,520.51","-","2.69%"
"Jun 01, 2020","3,509.62","3,398.60","3,511.22","3,389.39","-","3.47%"
"May 29, 2020","3,391.89","3,425.00","3,425.00","3,316.59","-","-0.91%"
"May 28, 2020","3,423.14","3,463.77","3,463.77","3,401.06","-","0.06%"
"May 27, 2020","3,421.10","3,388.67","3,449.65","3,360.48","-","1.11%"
"May 26, 2020","3,383.49","3,370.20","3,424.78","3,360.18","-","2.33%"
"May 25, 2020","3,306.31","3,297.64","3,317.05","3,289.00","-","1.22%"
"May 22, 2020","3,266.43","3,225.98","3,277.47","3,191.27","-","1.11%"
"May 21, 2020","3,230.73","3,261.32","3,292.87","3,213.17","-","0.15%"
"May 20, 2020","3,225.82","3,209.48","3,257.46","3,167.68","-","2.00%"
"May 19, 2020","3,162.56","3,272.89","3,278.66","3,140.09","-","-3.64%"
"May 18, 2020","3,282.11","3,157.77","3,282.11","3,157.77","-","5.74%"
"May 15, 2020","3,103.85","3,145.32","3,163.63","3,089.90","-","-0.31%"
"May 14, 2020","3,113.55","3,113.60","3,164.23","3,049.52","-","-0.24%"
"May 13, 2020","3,120.92","3,244.42","3,244.42","3,120.92","-","-3.88%"
"May 12, 2020","3,246.97","3,275.75","3,304.91","3,204.81","-","-1.30%"
"May 11, 2020","3,289.67","3,272.71","3,298.13","3,249.57","-","-0.54%"
"May 08, 2020","3,307.61","3,223.85","3,326.96","3,223.18","-","4.30%"
"May 07, 2020","3,171.18","3,197.58","3,220.24","3,165.29","-","0.09%"
"May 06, 2020","3,168.24","3,164.81","3,181.05","3,126.80","-","-1.11%"
"May 05, 2020","3,203.78","3,176.84","3,224.08","3,173.25","-","3.03%"
"May 04, 2020","3,109.54","3,064.35","3,147.11","3,025.72","-","1.08%"
"May 01, 2020","3,076.37","3,076.37","3,076.37","3,076.37","-","-3.59%"
"Apr 30, 2020","3,191.07","3,218.24","3,218.24","3,120.60","-","-0.19%"
"Apr 29, 2020","3,197.29","3,097.05","3,231.73","3,097.05","-","5.32%"
"Apr 28, 2020","3,035.79","2,986.40","3,058.38","2,977.19","-","4.05%"
"Apr 27, 2020","2,917.61","2,900.21","2,932.55","2,877.38","-","1.17%"
"Apr 24, 2020","2,884.00","2,879.64","2,885.36","2,836.49","-","0.11%"
"Apr 23, 2020","2,880.79","2,900.39","2,911.53","2,852.80","-","-0.01%"
"Apr 22, 2020","2,881.21","2,901.03","2,916.35","2,871.97","-","0.27%"
"Apr 21, 2020","2,873.36","2,905.89","2,905.89","2,856.63","-","-3.15%"
"Apr 20, 2020","2,966.91","2,987.13","2,987.13","2,940.47","-","-1.03%"
"Apr 17, 2020","2,997.74","2,965.32","3,043.69","2,965.32","-","3.80%"
"Apr 16, 2020","2,887.91","2,914.65","2,917.93","2,835.13","-","-0.94%"
"Apr 15, 2020","2,915.19","2,982.18","2,985.84","2,911.06","-","-4.79%"
"Apr 14, 2020","3,061.81","3,063.82","3,114.66","3,041.97","-","1.22%"
"Apr 13, 2020","3,025.05","3,063.37","3,067.46","3,012.16","-","-1.93%"
"Apr 10, 2020","3,084.43","3,084.43","3,084.43","3,084.43","-","0.00%"
"Apr 09, 2020","3,084.43","3,084.43","3,084.43","3,084.43","-","3.17%"
"Apr 08, 2020","2,989.68","2,998.22","3,029.35","2,968.13","-","-0.53%"
"Apr 07, 2020","3,005.50","3,038.68","3,073.79","2,973.90","-","3.75%"
"Apr 06, 2020","2,896.92","2,830.01","2,926.26","2,830.01","-","3.29%"
"Apr 03, 2020","2,804.73","2,857.41","2,871.69","2,732.31","-","-3.83%"
"Apr 02, 2020","2,916.47","2,876.00","2,987.85","2,851.89","-","1.15%"
"Apr 01, 2020","2,883.20","2,907.16","2,919.91","2,830.13","-","-5.85%"
"Mar 31, 2020","3,062.29","3,004.51","3,133.00","2,978.93","-","3.99%"
"Mar 30, 2020","2,944.75","2,955.67","3,006.64","2,910.10","-","-2.33%"
"Mar 27, 2020","3,014.91","3,121.05","3,127.43","3,002.02","-","-6.91%"
"Mar 26, 2020","3,238.57","3,140.90","3,306.18","3,140.90","-","5.68%"
"Mar 25, 2020","3,064.58","2,950.38","3,180.45","2,941.90","-","7.10%"
"Mar 24, 2020","2,861.47","2,814.36","2,935.53","2,814.36","-","4.71%"
"Mar 23, 2020","2,732.69","2,896.24","2,915.78","2,695.35","-","-8.09%"
"Mar 20, 2020","2,973.22","3,076.27","3,084.52","2,903.44","-","-2.31%"
"Mar 19, 2020","3,043.53","3,084.87","3,095.29","2,952.27","-","-2.59%"
"Mar 18, 2020","3,124.50","3,100.13","3,249.34","3,093.22","-","-5.85%"
"Mar 17, 2020","3,318.61","3,328.58","3,352.01","3,165.69","-","-5.23%"
"Mar 16, 2020","3,501.63","3,501.63","3,501.63","3,501.63","-","-3.29%"
"Mar 13, 2020","3,620.58","3,643.99","3,690.57","3,571.13","-","6.19%"
"Mar 12, 2020","3,409.49","3,626.57","3,626.57","3,276.93","-","-10.47%"
"Mar 11, 2020","3,808.00","3,874.09","3,881.19","3,733.25","-","-2.79%"
"Mar 10, 2020","3,917.14","3,923.84","3,972.34","3,848.49","-","1.80%"
"Mar 09, 2020","3,847.74","3,968.09","3,968.09","3,798.34","-","-10.58%"
"Mar 06, 2020","4,303.02","4,349.73","4,353.37","4,246.23","-","-3.88%"
"Mar 05, 2020","4,476.71","4,582.36","4,582.36","4,426.31","-","-3.86%"
"Mar 04, 2020","4,656.68","4,605.46","4,656.68","4,580.93","-","1.12%"
"Mar 03, 2020","4,605.08","4,515.73","4,649.04","4,493.60","-","3.65%"
"Mar 02, 2020","4,442.84","4,353.50","4,542.59","4,353.50","-","2.45%"
"Feb 28, 2020","4,336.67","4,315.32","4,396.93","4,173.14","-","-2.33%"
"Feb 27, 2020","4,440.09","4,517.42","4,529.70","4,427.37","-","-4.01%"
"Feb 26, 2020","4,625.65","4,653.13","4,690.88","4,602.03","-","-0.72%"
"Feb 25, 2020","4,659.29","4,782.11","4,785.71","4,640.99","-","-1.63%"
"Feb 24, 2020","4,736.72","4,735.47","4,765.06","4,701.17","-","-3.31%"
"Feb 21, 2020","4,899.06","4,880.84","4,939.56","4,863.03","-","-0.75%"
"Feb 20, 2020","4,935.88","4,969.57","4,983.28","4,901.74","-","-1.28%"
"Feb 19, 2020","4,999.74","5,015.95","5,031.56","4,984.14","-","-0.21%"
"Feb 18, 2020","5,010.49","5,009.53","5,040.72","5,002.01","-","-0.23%"
"Feb 17, 2020","5,022.03","5,029.99","5,033.27","5,009.33","-","-0.24%"
"Feb 14, 2020","5,034.36","5,039.53","5,041.37","5,011.33","-","0.54%"
"Feb 13, 2020","5,007.49","5,031.01","5,036.01","4,976.92","-","-0.76%"
"Feb 12, 2020","5,045.90","5,004.98","5,077.69","5,004.98","-","1.22%"
"Feb 11, 2020","4,985.26","4,913.85","5,015.71","4,909.24","-","2.15%"
"Feb 10, 2020","4,880.55","4,878.16","4,903.83","4,852.23","-","-0.30%"
"Feb 07, 2020","4,895.46","4,904.57","4,909.78","4,844.21","-","-0.87%"
"Feb 06, 2020","4,938.60","4,997.78","5,007.24","4,924.62","-","-0.96%"
"Feb 05, 2020","4,986.62","5,043.67","5,069.20","4,978.65","-","-0.24%"
"Feb 04, 2020","4,998.56","4,925.59","5,007.26","4,925.59","-","2.93%"
"Feb 03, 2020","4,856.34","4,856.34","4,856.34","4,856.34","-","0.69%"
"Jan 31, 2020","4,822.84","4,912.99","4,921.88","4,822.84","-","-2.44%"
"Jan 30, 2020","4,943.26","4,965.92","4,976.33","4,909.78","-","-1.26%"
"Jan 29, 2020","5,006.50","4,949.63","5,012.62","4,937.20","-","1.83%"
"Jan 28, 2020","4,916.71","4,851.17","4,949.99","4,851.17","-","2.10%"
"Jan 27, 2020","4,815.49","4,895.95","4,895.95","4,804.92","-","-2.89%"
"Jan 24, 2020","4,958.72","5,012.29","5,012.29","4,954.96","-","-0.99%"
"Jan 23, 2020","5,008.25","5,020.38","5,020.38","4,955.37","-","-0.71%"
"Jan 22, 2020","5,043.84","5,049.96","5,083.27","5,038.84","-","-0.01%"
"Jan 21, 2020","5,044.19","5,060.78","5,070.82","5,018.15","-","-0.81%"
"Jan 20, 2020","5,085.48","5,080.49","5,094.32","5,067.30","-","0.44%"
"Jan 17, 2020","5,063.03","4,996.08","5,086.48","4,993.17","-","1.66%"
"Jan 16, 2020","4,980.29","4,892.95","4,987.15","4,892.95","-","2.05%"
"Jan 15, 2020","4,880.47","4,925.87","4,929.85","4,876.77","-","-0.71%"
"Jan 14, 2020","4,915.50","4,932.70","4,932.70","4,878.00","-","-0.17%"
"Jan 13, 2020","4,924.05","4,904.17","4,944.39","4,894.60","-","0.09%"
"Jan 10, 2020","4,919.48","4,907.04","4,949.11","4,897.31","-","0.51%"
"Jan 09, 2020","4,894.56","4,891.45","4,895.14","4,859.65","-","0.19%"
"Jan 08, 2020","4,885.32","4,846.02","4,895.27","4,836.32","-","1.15%"
"Jan 07, 2020","4,829.56","4,874.29","4,881.07","4,819.53","-","-1.28%"
"Jan 06, 2020","4,892.19","4,877.52","4,900.71","4,858.08","-","-0.04%"
"Jan 03, 2020","4,894.22","4,836.47","4,895.66","4,829.54","-","0.66%"
"Jan 02, 2020","4,862.32","4,778.02","4,881.28","4,776.25","-","2.19%"
"Dec 31, 2019","4,758.13","4,778.54","4,782.10","4,747.26","-","-0.44%"
"Dec 30, 2019","4,779.18","4,856.68","4,857.50","4,735.59","-","-1.57%"
"Dec 27, 2019","4,855.59","4,835.90","4,887.05","4,833.66","-","0.54%"
"Dec 26, 2019","4,829.69","4,809.00","4,837.37","4,803.21","-","0.49%"
"Dec 25, 2019","4,806.12","4,806.12","4,806.12","4,806.12","-","0.00%"
"Dec 24, 2019","4,806.12","4,830.89","4,832.72","4,796.20","-","-0.43%"
"Dec 23, 2019","4,826.94","4,845.19","4,852.85","4,814.55","-","-0.60%"
"Dec 20, 2019","4,855.85","4,877.65","4,886.36","4,842.36","-","0.15%"
"Dec 19, 2019","4,848.63","4,901.85","4,901.85","4,847.82","-","-1.27%"
"Dec 18, 2019","4,911.08","4,823.55","4,911.08","4,822.73","-","1.59%"
"Dec 17, 2019","4,834.45","4,828.60","4,834.45","4,799.89","-","0.47%"
"Dec 16, 2019","4,811.75","4,812.42","4,838.28","4,795.60","-","0.49%"
"Dec 13, 2019","4,788.23","4,714.45","4,807.51","4,711.79","-","2.48%"
"Dec 12, 2019","4,672.21","4,672.21","4,672.21","4,672.21","-","0.53%"
"Dec 11, 2019","4,647.36","4,578.63","4,666.83","4,574.09","-","1.60%"
"Dec 10, 2019","4,574.12","4,507.78","4,574.12","4,501.38","-","1.57%"
"Dec 09, 2019","4,503.53","4,496.72","4,552.16","4,494.90","-","0.39%"
"Dec 06, 2019","4,485.91","4,524.01","4,532.01","4,485.91","-","-0.29%"
"Dec 05, 2019","4,498.75","4,497.53","4,528.90","4,493.16","-","0.50%"
"Dec 04, 2019","4,476.46","4,494.89","4,503.25","4,476.46","-","0.36%"
"Dec 03, 2019","4,460.34","4,477.59","4,488.27","4,455.82","-","-0.78%"
"Dec 02, 2019","4,495.30","4,543.23","4,543.23","4,494.10","-","-1.13%"
"Nov 29, 2019","4,546.75","4,572.05","4,573.18","4,525.19","-","0.04%"
"Nov 28, 2019","4,544.76","4,544.35","4,576.07","4,524.43","-","-0.08%"
"Nov 27, 2019","4,548.45","4,551.36","4,561.48","4,531.45","-","0.27%"
"Nov 26, 2019","4,536.28","4,619.09","4,619.09","4,531.91","-","-2.21%"
"Nov 25, 2019","4,638.62","4,646.64","4,677.89","4,629.51","-","-0.38%"
"Nov 22, 2019","4,656.28","4,636.42","4,663.42","4,630.71","-","0.58%"
"Nov 21, 2019","4,629.35","4,642.11","4,645.10","4,602.81","-","-0.52%"
"Nov 20, 2019","4,653.39","4,644.51","4,673.36","4,621.14","-","-0.10%"
"Nov 19, 2019","4,657.86","4,653.24","4,672.37","4,641.23","-","-0.14%"
"Nov 18, 2019","4,664.42","4,664.42","4,664.42","4,664.42","-","-0.28%"
"Nov 15, 2019","4,677.53","4,660.29","4,685.37","4,659.82","-","1.65%"
"Nov 14, 2019","4,601.80","4,584.48","4,627.33","4,584.48","-","0.34%"
"Nov 13, 2019","4,585.98","4,573.22","4,609.87","4,572.06","-","-1.47%"
"Nov 12, 2019","4,654.22","4,699.68","4,703.23","4,616.94","-","-1.43%"
"Nov 11, 2019","4,721.96","4,710.16","4,735.41","4,707.23","-","-0.25%"
"Nov 08, 2019","4,733.93","4,752.07","4,775.10","4,718.42","-","-0.54%"
"Nov 07, 2019","4,759.57","4,731.86","4,784.78","4,730.03","-","0.76%"
"Nov 06, 2019","4,723.86","4,691.07","4,736.51","4,659.87","-","0.43%"
"Nov 05, 2019","4,703.58","4,728.05","4,731.48","4,671.60","-","-0.83%"
"Nov 04, 2019","4,742.73","4,747.11","4,789.70","4,721.22","-","-0.01%"
"Nov 01, 2019","4,743.14","4,683.68","4,743.14","4,682.49","-","1.51%"
"Oct 31, 2019","4,672.66","4,735.12","4,735.12","4,654.85","-","-0.98%"
"Oct 30, 2019","4,718.96","4,733.78","4,737.64","4,697.64","-","-0.60%"
"Oct 29, 2019","4,747.39","4,737.47","4,763.71","4,729.30","-","-0.26%"
"Oct 28, 2019","4,759.85","4,724.54","4,761.21","4,724.53","-","1.02%"
"Oct 25, 2019","4,711.93","4,769.36","4,769.36","4,711.93","-","-1.16%"
"Oct 24, 2019","4,767.21","4,748.26","4,767.21","4,730.29","-","0.72%"
"Oct 23, 2019","4,733.15","4,705.97","4,740.00","4,702.14","-","0.25%"
"Oct 22, 2019","4,721.53","4,732.92","4,751.42","4,695.92","-","0.10%"
"Oct 21, 2019","4,717.02","4,694.58","4,723.19","4,694.58","-","0.55%"
"Oct 18, 2019","4,691.05","4,677.61","4,723.65","4,677.61","-","-0.63%"
"Oct 17, 2019","4,720.90","4,737.25","4,742.82","4,694.08","-","0.21%"
"Oct 16, 2019","4,711.10","4,658.52","4,717.34","4,658.48","-","0.98%"
"Oct 15, 2019","4,665.60","4,670.77","4,687.85","4,657.62","-","0.07%"
"Oct 14, 2019","4,662.52","4,651.60","4,676.23","4,644.40","-","0.38%"
"Oct 11, 2019","4,645.01","4,632.92","4,685.03","4,630.14","-","1.31%"
"Oct 10, 2019","4,584.98","4,512.37","4,590.26","4,504.58","-","1.73%"
"Oct 09, 2019","4,506.81","4,522.65","4,535.96","4,499.86","-","-0.04%"
"Oct 08, 2019","4,508.56","4,549.23","4,549.94","4,491.18","-","-1.16%"
"Oct 07, 2019","4,561.53","4,607.99","4,608.93","4,544.48","-","-1.21%"
"Oct 04, 2019","4,617.19","4,502.82","4,617.86","4,502.09","-","3.71%"
"Oct 03, 2019","4,451.97","4,412.84","4,476.98","4,404.18","-","0.79%"
"Oct 02, 2019","4,417.00","4,478.62","4,484.34","4,406.58","-","-1.80%"
"Oct 01, 2019","4,498.10","4,502.17","4,515.56","4,480.23","-","-0.40%"
"Sep 30, 2019","4,516.05","4,499.95","4,543.50","4,496.62","-","-0.19%"
"Sep 27, 2019","4,524.50","4,538.86","4,538.86","4,491.88","-","-0.24%"
"Sep 26, 2019","4,535.46","4,565.62","4,575.62","4,520.63","-","-0.60%"
"Sep 25, 2019","4,562.90","4,544.75","4,566.57","4,494.51","-","-0.38%"
"Sep 24, 2019","4,580.35","4,632.99","4,637.41","4,569.36","-","-1.11%"
"Sep 23, 2019","4,631.53","4,634.41","4,638.26","4,604.26","-","-0.13%"
"Sep 20, 2019","4,637.52","4,596.59","4,644.30","4,576.82","-","0.92%"
"Sep 19, 2019","4,595.16","4,614.97","4,616.14","4,577.75","-","-0.24%"
"Sep 18, 2019","4,606.10","4,647.08","4,649.38","4,569.99","-","-0.61%"
"Sep 17, 2019","4,634.24","4,538.30","4,649.16","4,522.70","-","1.56%"
"Sep 16, 2019","4,562.99","4,562.99","4,562.99","4,562.99","-","-0.20%"
"Sep 13, 2019","4,572.06","4,545.87","4,583.76","4,539.44","-","0.98%"
"Sep 12, 2019","4,527.73","4,544.24","4,564.72","4,517.47","-","0.36%"
"Sep 11, 2019","4,511.49","4,500.07","4,526.49","4,483.08","-","0.27%"
"Sep 10, 2019","4,499.52","4,507.68","4,530.33","4,471.45","-","-0.12%"
"Sep 09, 2019","4,505.02","4,530.81","4,574.86","4,495.25","-","-0.07%"
"Sep 06, 2019","4,508.32","4,519.09","4,548.70","4,497.12","-","0.52%"
"Sep 05, 2019","4,485.05","4,482.78","4,506.02","4,467.74","-","1.05%"
"Sep 04, 2019","4,438.32","4,380.77","4,451.44","4,376.55","-","2.49%"
"Sep 03, 2019","4,330.29","4,358.17","4,358.17","4,313.46","-","-0.01%"
"Sep 02, 2019","4,330.78","4,390.31","4,390.31","4,318.81","-","-1.63%"
"Aug 30, 2019","4,402.43","4,328.89","4,415.10","4,314.24","-","2.20%"
"Aug 29, 2019","4,307.58","4,216.63","4,320.96","4,216.63","-","1.91%"
"Aug 28, 2019","4,226.94","4,194.30","4,234.59","4,183.10","-","0.60%"
"Aug 27, 2019","4,201.54","4,150.66","4,201.54","4,150.66","-","1.28%"
"Aug 26, 2019","4,148.35","4,137.73","4,157.25","4,126.80","-","-0.01%"
"Aug 23, 2019","4,148.63","4,151.84","4,190.82","4,121.31","-","-1.00%"
"Aug 22, 2019","4,190.57","4,185.77","4,213.37","4,168.75","-","0.01%"
"Aug 21, 2019","4,190.07","4,164.68","4,202.23","4,146.34","-","1.18%"
"Aug 20, 2019","4,141.24","4,105.65","4,159.78","4,100.62","-","0.87%"
"Aug 19, 2019","4,105.34","4,113.85","4,160.28","4,098.08","-","-0.94%"
"Aug 16, 2019","4,144.32","4,063.27","4,144.64","4,063.13","-","2.39%"
"Aug 15, 2019","4,047.56","4,047.29","4,077.78","3,999.91","-","-0.35%"
"Aug 14, 2019","4,061.83","4,147.47","4,147.47","4,027.31","-","-2.53%"
"Aug 13, 2019","4,167.06","4,166.23","4,229.85","4,153.39","-","-0.37%"
"Aug 12, 2019","4,182.53","4,219.00","4,222.07","4,175.49","-","-2.27%"
"Aug 09, 2019","4,279.53","4,288.57","4,300.74","4,239.86","-","0.39%"
"Aug 08, 2019","4,262.86","4,256.34","4,296.26","4,253.66","-","0.73%"
"Aug 07, 2019","4,231.78","4,126.74","4,245.85","4,125.38","-","1.51%"
"Aug 06, 2019","4,168.68","4,148.94","4,199.83","4,140.69","-","0.68%"
"Aug 05, 2019","4,140.36","4,185.22","4,185.22","4,112.38","-","-2.68%"
"Aug 02, 2019","4,254.44","4,286.54","4,286.76","4,221.15","-","-1.78%"
"Aug 01, 2019","4,331.43","4,368.96","4,404.83","4,315.14","-","-2.36%"
"Jul 31, 2019","4,436.09","4,452.80","4,457.06","4,358.48","-","-0.23%"
"Jul 30, 2019","4,446.28","4,458.18","4,458.59","4,416.07","-","-0.40%"
"Jul 29, 2019","4,464.32","4,393.44","4,476.89","4,391.29","-","1.54%"
"Jul 26, 2019","4,396.46","4,445.23","4,467.78","4,392.48","-","-0.85%"
"Jul 25, 2019","4,434.09","4,450.17","4,457.55","4,409.86","-","-0.33%"
"Jul 24, 2019","4,448.82","4,429.37","4,467.41","4,427.23","-","0.75%"
"Jul 23, 2019","4,415.91","4,452.23","4,462.32","4,388.45","-","-0.94%"
"Jul 22, 2019","4,457.98","4,517.37","4,526.69","4,457.24","-","-1.29%"
"Jul 19, 2019","4,516.43","4,533.80","4,549.62","4,508.77","-","-0.12%"
"Jul 18, 2019","4,521.69","4,613.83","4,613.83","4,515.41","-","-2.02%"
"Jul 17, 2019","4,614.93","4,664.42","4,671.80","4,604.12","-","-0.68%"
"Jul 16, 2019","4,646.35","4,670.38","4,678.10","4,612.28","-","-0.74%"
"Jul 15, 2019","4,680.90","4,636.15","4,694.12","4,629.45","-","1.44%"
"Jul 12, 2019","4,614.57","4,640.16","4,640.28","4,596.23","-","-0.12%"
"Jul 11, 2019","4,620.06","4,609.23","4,638.16","4,581.86","-","0.89%"
"Jul 10, 2019","4,579.32","4,593.93","4,617.49","4,559.76","-","-1.84%"
"Jul 09, 2019","4,665.14","4,743.44","4,754.73","4,572.73","-","-1.73%"
"Jul 08, 2019","4,747.26","4,722.94","4,771.09","4,718.90","-","1.21%"
"Jul 05, 2019","4,690.72","4,702.66","4,715.48","4,659.85","-","-0.39%"
"Jul 04, 2019","4,709.27","4,714.62","4,720.76","4,703.14","-","0.21%"
"Jul 03, 2019","4,699.43","4,702.15","4,714.17","4,677.07","-","0.28%"
"Jul 02, 2019","4,686.33","4,701.75","4,715.58","4,681.69","-","-0.24%"
"Jul 01, 2019","4,697.72","4,664.42","4,697.72","4,642.29","-","1.61%"
"Jun 28, 2019","4,623.28","4,660.96","4,660.96","4,609.27","-","-0.56%"
"Jun 27, 2019","4,649.22","4,724.90","4,724.90","4,644.77","-","-1.43%"
"Jun 26, 2019","4,716.43","4,707.08","4,727.85","4,701.10","-","0.44%"
"Jun 25, 2019","4,695.90","4,694.13","4,718.77","4,680.70","-","-0.09%"
"Jun 24, 2019","4,700.34","4,684.90","4,709.23","4,682.35","-","-0.28%"
"Jun 21, 2019","4,713.51","4,729.89","4,752.85","4,679.28","-","-0.54%"
"Jun 20, 2019","4,738.94","4,750.65","4,784.63","4,729.81","-","1.56%"
"Jun 19, 2019","4,666.19","4,648.54","4,704.89","4,642.90","-","0.08%"
"Jun 18, 2019","4,662.43","4,637.05","4,696.90","4,628.56","-","1.26%"
"Jun 17, 2019","4,604.60","4,636.09","4,667.12","4,603.89","-","-0.84%"
"Jun 14, 2019","4,643.54","4,678.84","4,678.84","4,627.38","-","-0.81%"
"Jun 13, 2019","4,681.67","4,703.85","4,718.86","4,663.39","-","-0.89%"
"Jun 12, 2019","4,723.87","4,711.12","4,739.26","4,693.52","-","0.06%"
"Jun 11, 2019","4,720.85","4,726.81","4,745.77","4,706.30","-","0.48%"
"Jun 10, 2019","4,698.11","4,681.62","4,734.11","4,659.26","-","2.93%"
"Jun 07, 2019","4,564.36","4,522.46","4,574.94","4,520.98","-","0.96%"
"Jun 06, 2019","4,520.84","4,545.11","4,565.27","4,488.39","-","-1.31%"
"Jun 05, 2019","4,580.83","4,554.72","4,590.09","4,537.85","-","0.58%"
"Jun 04, 2019","4,554.28","4,540.95","4,604.33","4,526.17","-","1.06%"
"Jun 03, 2019","4,506.44","4,477.10","4,523.37","4,477.10","-","0.24%"
"May 31, 2019","4,495.86","4,513.73","4,513.73","4,412.09","-","-3.93%"
"May 30, 2019","4,679.95","4,608.39","4,700.39","4,608.39","-","2.09%"
"May 29, 2019","4,584.17","4,509.43","4,615.69","4,487.09","-","1.35%"
"May 28, 2019","4,523.25","4,578.05","4,586.83","4,509.31","-","-1.35%"
"May 27, 2019","4,585.26","4,597.70","4,599.93","4,579.92","-","-0.18%"